{
    "sites": {
        "aflamfree": {
            "label": "aflamfree",
            "active": "True",
            "url": "https://www.aflamfree.top"
        },
        "ahdaf": {
            "label": "ahdaf",
            "active": "True",
            "url": "http://www.ahdaf-kooora.com"
        },
        "akoam": {
            "label": "akoam",
            "active": "True",
            "url": "https://old.akwam.to/"
        },
        "akwam": {
            "label": "akwam",
            "active": "True",
            "url": "https://akwam.to"
        },
        "alarab": {
            "label": "alarab",
            "active": "True",
            "url": "https://watch.alarab.com"
        },
        "alarabclub": {
            "label": "alarabclub",
            "active": "True",
            "url": "https://alarabclub.live"
        },
        "alarabiya": {
            "label": "alarabiya documentaries",
            "active": "True",
            "url": "https://www.alarabiya.net"
        },
        "alfajertv": {
            "label": "alfajertv",
            "active": "True",
            "url": "https://show.alfajertv.com"
        },
        "aljazeera": {
            "label": "aljazeera",
            "active": "True",
            "url": "https://www.aljazeera.net"
        },
        "alwanfilm": {
            "label": "alwanfilm",
            "active": "True",
            "url": "https://alwanfilm.com"
        },
        "animeblkom": {
            "label": "animeblkom",
            "active": "True",
            "url": "https://animeblkom.net"
        },
        "animeup": {
            "label": "anime4up",
            "active": "True",
            "url": "https://anime4up.art"
        },
        "animezid": {
            "label": "animezid",
            "active": "True",
            "url": "https://animezid.com"
        },
        "arabsciences": {
            "label": "arabsciences",
            "active": "True",
            "url": "https://arabsciences.com"
        },
        "arabseed": {
            "label": "arabseed",
            "active": "True",
            "url": "https://m.arabseed.ink"
        },
        "aracinema_co": {
            "label": "aramosalsal",
            "active": "True",
            "url": "https://aramosalsal.net"
        },
        "arbcinema": {
            "label": "arbcinema",
            "active": "True",
            "url": "https://ok.arbcinema.com"
        },
        "arblionz": {
            "label": "arblionz",
            "active": "True",
            "url": "https://tv.arlionz.one"
        },
        "asgoal": {
            "label": "asgoal",
            "active": "True",
            "url": "https://www.as-goal.com"
        },
        "awaan": {
            "label": "awaan",
            "active": "True",
            "url": "http://awaan.ae"
        },
        "beinmatch": {
            "label": "beinmatch",
            "active": "True",
            "url": "https://beinmatch.best"
        },
        "beinsports_net": {
            "label": "beinsports",
            "active": "True",
            "url": "http://www.beinsports.com"
        },
        "btolat": {
            "label": "btolat",
            "active": "True",
            "url": "https://www.btolat.com"
        },
        "cartoonrbi": {
            "label": "cartoon3rbi",
            "active": "True",
            "url": "https://www.arteenz.com"
        },
        "cimaclub": {
            "label": "cimaclub",
            "active": "True",
            "url": "https://cima-club.io"
        },
        "cimanow": {
            "label": "cimanow",
            "active": "True",
            "url": "https://cimanow.cc"
        },
        "cimau": {
            "label": "cima4u",
            "active": "True",
            "url": "https://cima4u.ink"
        },
        "detectiveconanar": {
            "label": "detectiveconanar",
            "active": "True",
            "url": "https://detectiveconanar.com"
        },
        "docarabic": {
            "label": "docarabic",
            "active": "True",
            "url": "https://docarabic.wordpress.com"
        },
        "egybest": {
            "label": "egybest",
            "active": "True",
            "url": "https://tool.egybest.zone"
        },
        "egyclub": {
            "label": "egyclub",
            "active": "True",
            "url": "https://www.egy-club.com"
        },
        "egydead": {
            "label": "egydead",
            "active": "True",
            "url": "https://w2.egydead.live"
        },
        "ehna": {
            "label": "ehna.online",
            "active": "True",
            "url": "https://e7naaa.online"
        },
        "esseq": {
            "label": "esseq",
            "active": "True",
            "url": "https://eessq.net"
        },
        "eyoon": {
            "label": "eyoon",
            "active": "True",
            "url": "https://eyoon.co"
        },
        "familymoviz": {
            "label": "familymoviz",
            "active": "True",
            "url": "https://www.familymoviz.net"
        },
        "fansubs": {
            "label": "fansubstv",
            "active": "True",
            "url": "http://fansubs.tv"
        },
        "faselhd": {
            "label": "faselhd",
            "active": "True",
            "url": "https://www.faselhd.top"
        },
        "fnteam": {
            "label": "fn-team",
            "active": "True",
            "url": "http://www.fn-team.com"
        },
        "gateanime": {
            "label": "gateanime",
            "active": "True",
            "url": "https://a.gateanime.cam"
        },
        "geoarabic": {
            "label": "geoarabic",
            "active": "True",
            "url": "https://www.geoarabic.com"
        },
        "halacima": {
            "label": "halacima",
            "active": "True",
            "url": "https://m.halacima.net"
        },
        "hdseed": {
            "label": "hdseed",
            "active": "True",
            "url": "https://hdseed.net"
        },
        "hidaya": {
            "label": "hidaya",
            "active": "True",
            "url": "https://hidaya.tn"
        },
        "katkoute": {
            "label": "katkoute",
            "active": "True",
            "url": "https://www.katkoute.com"
        },
        "kingfoot": {
            "label": "kingfoot",
            "active": "True",
            "url": "https://hd.king-shoot.tv"
        },
        "kora": {
            "label": "kora",
            "active": "True",
            "url": "https://www.s-kora.com"
        },
        "lodynet": {
            "label": "lodynet",
            "active": "True",
            "url": "https://ww.lodynet.ink"
        },
        "movizland": {
            "label": "movizland",
            "active": "True",
            "url": "https://movizland.cyou"
        },
        "mycima": {
            "label": "mycima",
            "active": "True",
            "url": "https://mycima.moe:2096"
        },
        "nightosphere": {
            "label": "nightosphere",
            "active": "True",
            "url": "https://nightosphere.net"
        },
        "pakistani": {
            "label": "pakistani-live",
            "active": "True",
            "url": "https://pakistani-live.net"
        },
        "panet": {
            "label": "panet",
            "active": "True",
            "url": "http://www.panet.co.il"
        },
        "prstej": {
            "label": "prstej",
            "active": "True",
            "url": "https://r.3rb.tv"
        },
        "rotana": {
            "label": "rotana",
            "active": "True",
            "url": "https://rotana.net"
        },
        "shahidu": {
            "label": "shahid4u",
            "active": "True",
            "url": "https://shahed4u.tax"
        },
        "shooflive": {
            "label": "shooflive",
            "active": "True",
            "url": "https://v.shooflive.site"
        },
        "shoofvod": {
            "label": "shoofvod",
            "active": "True",
            "url": "http://shoofvod.com"
        },
        "siteonefichier": {
            "label": "Mon Compte 1Fichier",
            "active": "True",
            "url": "https://1fichier.com/"
        },
        "siteuptobox": {
            "label": "Mon Compte Uptobox",
            "active": "True",
            "url": "https://uptobox.com/"
        },
        "spacepowerfan": {
            "label": "spacepowerfan",
            "active": "True",
            "url": "https://www.spacepowerfan.com"
        },
        "stardima": {
            "label": "stardima",
            "active": "True",
            "url": "https://www.stardima.com"
        },
        "themoviedb_org": {
            "label": "The Movie Database",
            "active": "True",
            "url": "https://www.themoviedb.org/"
        },
        "topimdb": {
            "label": "Top IMDB",
            "active": "True",
            "url": "https://www.imdb.com/"
        },
        "tuktukcinema": {
            "label": "tuktukcinema",
            "active": "True",
            "url": "https://tuktukcinema.co"
        },
        "toonsland": {
            "label": "toonsland",
            "active": "True",
            "url": "https://www.toonsland.site/"
        },
        "tvfun": {
            "label": "tvfun",
            "active": "True",
            "url": "https://a.tvfun.me"
        },
        "tvnine": {
            "label": "tv96",
            "active": "True",
            "url": "https://www.tv96.tv"
        },
        "watanflix": {
            "label": "watanflix",
            "active": "True",
            "url": "http://watanflix.com"
        },
        "xsanime": {
            "label": "xsanime",
            "active": "True",
            "url": "https://a.xsanime.com"
        }
    }
}