{
    "sites": {
        "aflamfree": {
            "label": "Aflamfree",
            "active": "True",
            "url": "https://www.aflamfree.top/"
        },
        "ahdaf": {
            "label": "Ahdaf",
            "active": "True",
            "url": "https://www.ahdaf-kooora.com/"
        },
        "akoam": {
            "label": "Akoam",
            "active": "True",
            "url": "https://old.akwam.to/"
        },
        "akwam": {
            "label": "Akwam",
            "active": "True",
            "url": "https://on.akwam.in/"
        },
        "alarab": {
            "label": "Alarab",
            "active": "True"
        },
        "alarabclub": {
            "label": "Alarabclub",
            "active": "True"
        },
        "alarabiya": {
            "label": "Alarabiya",
            "active": "True"
        },
        "alfajertv": {
            "label": "Alfajertv",
            "active": "True",
            "url": "https://old.akwam.to/"
        },
        "aljazeera": {
            "label": "Aljazeera",
            "active": "True",
            "url": "https://www.aljazeera.net/"
        },
        "alwanfilm": {
            "label": "Alwanfilm",
            "active": "True",
            "url": "https://alwanfilm.com/"
        },
        "animeblkom": {
            "label": "Animeblkom",
            "active": "True",
            "url": "https://old.akwam.to/"
        },
        "animeup": {
            "label": "Animeup",
            "active": "True",
            "url": "https://old.akwam.to/"
        },
        "animezid": {
            "label": "Animezid",
            "active": "True",
            "url": "https://animezid.net/"
        },
        "arabsciences": {
            "label": "Arabsciences",
            "active": "True",
            "url": "https://arabsciences.com/"
        },
        "aracinema_co": {
            "label": "Aramosalsal",
            "active": "True",
            "url": "https://aradramtv.com/"
        },
        "arbcinema": {
            "label": "Arbcinema",
            "active": "True",
            "url": "https://ok.arbcinema.com/"
        },
        "arblionz": {
            "label": "Arblionz",
            "active": "True",
            "url": "https://arlionztv.store/"
        },
        "asiaarabs": {
            "label": "Asiaarabs",
            "active": "True",
            "url": "https://www.asia4arabs.com/"
        },
        "awaan": {
            "label": "Awaan",
            "active": "True",
            "url": "https://www.awaan.ae/"
        },
        "beinmatch": {
            "label": "Beinmatch",
            "active": "True",
            "url": "https://beinmatch.biz/"
        },
        "beinsports_net": {
            "label": "Beinsports",
            "active": "True",
            "url": "https://www.beinsports.com/ar/"
        },
        "btolat": {
            "label": "Btolat",
            "active": "True",
            "url": "https://www.btolat.com/"
        },
        "cartoonrbi": {
            "label": "CartoonArbi",
            "active": "True",
            "url": "https://old.akwam.to/"
        },
        "cdrama": {
            "label": "Cdrama",
            "active": "True",
            "url": "https://old.akwam.to/"
        },
        "cimanow": {
            "label": "Cimanow",
            "active": "True",
            "url": "https://old.akwam.to/"
        },
        "cimau": {
            "label": "Cimaau",
            "active": "True",
            "url": "https://old.akwam.to/"
        },
        "detectiveconanar": {
            "label": "Detectiveconanar",
            "active": "True",
            "url": "https://old.akwam.to/"
        },
        "docarabic": {
            "label": "Docarabic",
            "active": "True",
            "url": "https://old.akwam.to/"
        },
        "egyclub": {
            "label": "Egyclub",
            "active": "True",
            "url": "https://old.akwam.to/"
        },
        "egydead": {
            "label": "Egydead",
            "active": "True",
            "url": "https://old.akwam.to/"
        },
        "ehna": {
            "label": "Ehna",
            "active": "True",
            "url": "https://old.akwam.to/"
        },
        "esseq": {
            "label": "Esseq",
            "active": "True",
            "url": "https://old.akwam.to/"
        },
        "familymoviz": {
            "label": "Familymoviz",
            "active": "True",
            "url": "https://old.akwam.to/"
        },
        "fansubs": {
            "label": "Fansubstv",
            "active": "True",
            "url": "https://old.akwam.to/"
        },
        "faselhd": {
            "label": "Faselhd",
            "active": "True",
            "url": "https://old.akwam.to/"
        },
        "fnteam": {
            "label": "Fnteam",
            "active": "True",
            "url": "https://old.akwam.to/"
        },
        "gateanime": {
            "label": "Gateanime",
            "active": "True",
            "url": "https://old.akwam.to/"
        },
        "geoarabic": {
            "label": "Geoarabic",
            "active": "True",
            "url": "https://old.akwam.to/"
        },
        "halacima": {
            "label": "Halacima",
            "active": "True",
            "url": "https://old.akwam.to/"
        },
        "hidaya": {
            "label": "Hidaya",
            "active": "True",
            "url": "https://old.akwam.to/"
        },
        "katkoute": {
            "label": "Katkoute",
            "active": "True",
            "url": "https://old.akwam.to/"
        },
        "koralive": {
            "label": "Koralive",
            "active": "True",
            "url": "https://old.akwam.to/"
        },
        "lodynet": {
            "label": "Lodynet",
            "active": "True",
            "url": "https://old.akwam.to/"
        },
        "pakistani": {
            "label": "Pakistani",
            "active": "True",
            "url": "https://old.akwam.to/"
        },
        "prstej": {
            "label": "Prstej",
            "active": "True",
            "url": "https://old.akwam.to/"
        },
        "rotana": {
            "label": "Rotana",
            "active": "True",
            "url": "https://old.akwam.to/"
        },
        "shoofvod": {
            "label": "Shoofvod",
            "active": "True",
            "url": "https://old.akwam.to/"
        },
        "spacepowerfan": {
            "label": "Spacepowerfan",
            "active": "True",
            "url": "https://old.akwam.to/"
        },
        "stardima": {
            "label": "Stardima",
            "active": "True",
            "url": "https://old.akwam.to/"
        },
        "themoviedb_org": {
            "label": "The Movie Database",
            "active": "True",
            "url": "https://www.themoviedb.org/"
        },
        "toonsland": {
            "label": "Toonsland",
            "active": "True",
            "url": "https://old.akwam.to/"
        },
        "topimdb": {
            "label": "Top IMDB",
            "active": "True",
            "url": "https://www.imdb.com/"
        },
        "tuktukcinema": {
            "label": "Tuktukcinema",
            "active": "True",
            "url": "https://old.akwam.to/"
        },
        "tvfun": {
            "label": "Tvfun",
            "active": "True",
            "url": "https://old.akwam.to/"
        },
        "tvnine": {
            "label": "Tvninesix",
            "active": "True",
            "url": "https://old.akwam.to/"
        },
        "watanflix": {
            "label": "Watanflix",
            "active": "True",
            "url": "https://old.akwam.to/"
        },
        "xsanime": {
            "label": "Xsanime",
            "active": "True",
            "url": "https://old.akwam.to/"
        },
        "yallalive": {
            "label": "Yallalive",
            "active": "True",
            "url": "https://old.akwam.to/"
        },
        "movizland": {
            "label": "Movizland",
            "active": "True",
            "url": "https://movizland.date/"
        },
        "mycima": {
            "label": "Mycima",
            "active": "True",
            "url": "https://old.akwam.to/"
        },
        "shooflive": {
            "label": "Shooflive",
            "active": "True",
            "url": "https://t.shooflive.co"
        },
        "shahidu": {
            "label": "Shahidu",
            "active": "True",
            "url": "https://old.akwam.to/"
        },
        "cimaclub": {
            "label": "Cimaclub",
            "active": "True",
            "url": "https://old.akwam.to/"
        }
    }
}