<?xml version="1.0" encoding="UTF-8" standalone="yes"?>
<addon id="plugin.video.matrix" name="matrix" version="4.9.2" provider-name="zombi">
    <requires>

        <trycatch>
            <try>
                <import addon="xbmc.python" version="3.0.0"/>
            </try>

            <catch>
                <import addon="xbmc.python" version="2.24.0"/>
            </catch>
        </trycatch>
        <import addon="script.kodi.loguploader" version="0.6.0"/>
        <import addon="script.module.simplejson" version="3.3.0"/>
        <import addon="script.module.resolveurl" version="5.1.00"/>
        <import addon="script.module.requests" version="2.9.1"/>
        <import addon="script.module.dnspython" optional="true"/>
        <import addon="script.module.pyqrcode" optional="true"/>
        <import addon="script.module.selenium" optional="true"/>
        <import addon="repository.zombi" version="0.0.6"/>
        <!-- Pour le DEBUG        <import addon="script.module.pydevd" version="4.4.0"/> -->
    </requires>
    <extension point="xbmc.python.pluginsource" library="default.py">
        <provides>video</provides>
    </extension>
 
    <extension point="kodi.context.item">
        <menu id="kodi.core.main">
            <item library="resources/lib/gui/menuInformation.py">
		        <label>$ADDON[plugin.video.matrix 30208]</label>
				<visible>Window.IsVisible(home) + ListItem.Property(sMeta)</visible>
            </item>
            <item library="resources/lib/gui/menuAddBookmark.py">
		        <label>$ADDON[plugin.video.matrix 30210]</label>
				<visible>Window.IsVisible(home) + !ListItem.Property(isBookmark) + ListItem.Property(sMeta)</visible>
            </item>
            <item library="resources/lib/gui/menuSimil.py">
		        <label>$ADDON[plugin.video.matrix 30213]</label>
				<visible>Window.IsVisible(home) + ListItem.Property(sMeta)</visible>
            </item>
            <item library="resources/lib/gui/menuDelBookmark.py">
		        <label>$ADDON[plugin.video.matrix 30412]</label>
				<visible>Window.IsVisible(home) + ListItem.Property(isBookmark)</visible>            </item>
            <item library="resources/lib/gui/menuDelViewing.py">
		        <label>$ADDON[plugin.video.matrix 30412]</label>
				<visible>Window.IsVisible(home) + ListItem.Property(isViewing)</visible>
            </item>
		</menu>
    </extension>

    <extension point="xbmc.service" library="service.py"/>
    <extension point="xbmc.addon.metadata">
        <news>plugin.video.matrix-4.9.2</news>
        <summary lang="en">https://zombib.github.io/</summary>
        <summary lang="fr">https://zombib.github.io/</summary>
        <description lang="en">https://zombib.github.io/</description>
        <platform>all</platform>
        <license>GNU GENERAL PUBLIC LICENSE</license>
        <forum>https://github.com/zombiB/zombi-addons/issues</forum>
		<source>https://github.com/zombiB/zombi-addons/</source>
        <assets>
            <icon>icon.png</icon>
            <fanart>fanart.jpg</fanart>
            <screenshot>screenshot-01.jpg</screenshot>
            <screenshot>screenshot-02.jpg</screenshot>
            <screenshot>screenshot-03.jpg</screenshot>
            <screenshot>screenshot-04.jpg</screenshot>
        </assets>
    </extension>
</addon>
