{
    "sites": {
        "aflaam": {
            "label": "Aflaam",
            "active": "True",
            "url": "https://aflaam.com/"
        },
        "aflamfree": {
            "label": "Aflamfree",
            "active": "True",
            "url": "https://www.aflamfree.top/"
        },
        "ahdaf": {
            "label": "Ahdaf",
            "active": "True",
            "url": "https://www.ahdaf-kooora.com/"
        },
        "akoam": {
            "label": "Akoam",
            "active": "True",
            "url": "https://akw.to/old/"
        },
        "akwam": {
            "label": "Akwam",
            "active": "True",
            "url": "https://akwam.cz/"
        },
        "alarab": {
            "label": "Alarab",
            "active": "False",
            "url": "https://vod2.alarab.com/"
        },
        "alarabiya": {
            "label": "Alarabiya",
            "active": "True",
            "url": "https://www.alarabiya.net/"
        },
        "alfajertv": {
            "label": "Alfajertv",
            "active": "True",
            "url": "https://show.alfajertv.com/"
        },
        "aljazeera": {
            "label": "Aljazeera",
            "active": "True",
            "url": "https://www.aljazeera.net/"
        },
        "alwanfilm": {
            "label": "Alwanfilm",
            "active": "True",
            "url": "https://alwanfilm.com/"
        },
        "animeblkom": {
            "label": "Animeblkom",
            "active": "True",
            "url": "https://animeblkom.net/"
        },
        "animeup": {
            "label": "Anime4up",
            "active": "True",
            "url": "https://w1.anime4up.tv/"
        },
        "animezid": {
            "label": "Animezid",
            "active": "True",
            "url": "https://animezid.com/"
        },
        "arabsciences": {
            "label": "Arabsciences",
            "active": "True",
            "url": "https://arabsciences.com/"
        },
        "arabseed": {
            "label": "arabseed",
            "active": "True",
            "url": "https://arbsd11.cfd/"
        },
        "aracinema_co": {
            "label": "Aramosalsal",
            "active": "True",
            "url": "https://aradramtv.com/"
        },
        "arbcinema": {
            "label": "Arbcinema",
            "active": "True",
            "url": "https://ok.arbcinema.com/"
        },
        "arblionz": {
            "label": "Arblionz",
            "active": "True",
            "url": "https://arlionztv.cam/"
        },
        "asiaarabs": {
            "label": "Asia4arabs",
            "active": "True",
            "url": "https://www.asia4arabs.com/"
        },
        "awaan": {
            "label": "Awaan",
            "active": "False",
            "url": "https://www.awaan.ae/"
        },
        "beinmatch": {
            "label": "Beinmatch",
            "active": "True",
            "url": "https://beinmatch.biz/"
        },
        "beinsports_net": {
            "label": "Beinsports",
            "active": "True",
            "url": "https://www.beinsports.com/ar/"
        },
        "btolat": {
            "label": "Btolat",
            "active": "True",
            "url": "https://www.btolat.com/"
        },
        "cartoonrbi": {
            "label": "CartoonArbi",
            "active": "True",
            "url": "https://www.arteenz.com/"
        },
        "cdrama": {
            "label": "Cdrama",
            "active": "True",
            "url": "https://cdrama.in/"
        },
        "cimaclub": {
            "label": "Cimaclub",
            "active": "True",
            "url": "https://ciimaclub.beauty/"
        },
        "cimalight": {
            "label": "Cimalight",
            "active": "True",
            "url": "https://cc.cimalight.vip/"
        },
        "cimanow": {
            "label": "Cimanow",
            "active": "True",
            "url": "https://cimanow.cc/"
        },
        "cimau": {
            "label": "Cima4u",
            "active": "True",
            "url": "https://cima4u1.motorcycles/"
        },
        "detectiveconanar": {
            "label": "Detectiveconanar",
            "active": "True",
            "url": "https://detectiveconanar.com/"
        },
        "daktna": {
            "label": "Daktna",
            "active": "True",
            "url": "https://z.daktna.cam/"
        },
        "docarabic": {
            "label": "Docarabic",
            "active": "True",
            "url": "https://docarabic.wordpress.com/"
        },
        "dramacafe": {
            "label": "Dramacafe",
            "active": "True",
            "url": "https://wwe.dramacafe-tv.com/"
        },
        "egyclub": {
            "label": "Egyclub",
            "active": "True",
            "url": "https://www.egy-club.com/"
        },
        "egydead": {
            "label": "Egydead",
            "active": "True",
            "url": "https://w6.egydead.live/"
        },
        "aflamtop": {
            "label": "Aflamtop",
            "active": "True",
            "url": "https://aflam.top/"
        },
        "esseq": {
            "label": "Esseq",
            "active": "True",
            "url": "https://arab3sk.com/"
        },
        "fansubs": {
            "label": "Fansubstv",
            "active": "False",
            "url": "https://fansubs.tv/"
        },
        "faselhd": {
            "label": "Faselhd",
            "active": "True",
            "url": "https://www.faselhd.ac/"
        },
        "fnteam": {
            "label": "Fnteam",
            "active": "True",
            "url": "https://www.fn-team.com/"
        },
        "fushaar": {
            "label": "Fushaar",
            "active": "True",
            "url": "https://www.fushaar.com/"
        },
        "gateanime": {
            "label": "Gateanime",
            "active": "True",
            "url": "https://c.gateanime.com/"
        },
        "geoarabic": {
            "label": "Geoarabic",
            "active": "True",
            "url": "https://www.geoarabic.com/"
        },
        "halacima": {
            "label": "Halacima",
            "active": "True",
            "url": "https://halacima.website/"
        },
        "hidaya": {
            "label": "Hidaya",
            "active": "True",
            "url": "https://hidaya.tn/"
        },
        "katkoute": {
            "label": "Katkoute",
            "active": "True",
            "url": "https://www.katkoute.com/"
        },
        "koralive": {
            "label": "Koralive",
            "active": "True",
            "url": "https://alkoora.360koralive.com/"
        },
        "lodynet": {
            "label": "Lodynet",
            "active": "True",
            "url": "https://lodynet.link/"
        },
        "movizland": {
            "label": "Movizland",
            "active": "True",
            "url": "https://star.movizland.info/"
        },
        "pakistani": {
            "label": "Pakistani",
            "active": "True",
            "url": "https://pakistani-live.net/"
        },
        "prstej": {
            "label": "Prstej",
            "active": "True",
            "url": "https://sm.brstej.com/"
        },
        "shooflive": {
            "label": "Shooflive",
            "active": "True",
            "url": "https://r.shooflive.co/"
        },
        "shoofvod": {
            "label": "Shoofvod",
            "active": "True",
            "url": "http://shoofvod.com/"
        },
        "spacepowerfan": {
            "label": "Spacepowerfan",
            "active": "True",
            "url": "https://spacepowerfan.com/"
        },
        "stardima": {
            "label": "Stardima",
            "active": "True",
            "url": "https://www.stardima.co/watch/"
        },
        "themoviedb_org": {
            "label": "The Movie Database",
            "active": "True",
            "url": "https://www.themoviedb.org/"
        },
        "toonsland": {
            "label": "Toonsland",
            "active": "True",
            "url": "https://www.toonsland.site/"
        },
        "topimdb": {
            "label": "Top IMDB",
            "active": "True",
            "url": "https://www.imdb.com/"
        },
        "tuktukcinema": {
            "label": "Tuktukcinema",
            "active": "True",
            "url": "https://tuktukcinema.pro/"
        },
        "tvfun": {
            "label": "Tvfun",
            "active": "True",
            "url": "https://m.tvfun.me/"
        },
        "tvnine": {
            "label": "Tv96",
            "active": "True",
            "url": "https://www.tv96.tv/"
        },
        "watanflix": {
            "label": "Watanflix",
            "active": "True",
            "url": "https://watanflix.com/"
        },
        "mycima": {
            "label": "Wecima",
            "active": "True",
            "url": "https://weecima.store/"
        },
        "xsanime": {
            "label": "Xsanime",
            "active": "True",
            "url": "https://v.xsanime.com/"
        },
        "yallalive": {
            "label": "Yallalive",
            "active": "True",
            "url": "https://yallalive.id/"
        }
    }
}