{
    "sites": {
        "aflaam": {
            "label": "Aflaam",
            "active": "True",
            "url": "https://aflaam.com/"
        },
        "aflamfree": {
            "label": "Aflamfree",
            "active": "True",
            "url": "https://www.aflamfree.top/"
        },
        "ahdaf": {
            "label": "Ahdaf",
            "active": "True",
            "url": "https://www.ahdaf-kooora.com/"
        },
        "akoam": {
            "label": "Akoam",
            "active": "True",
            "url": "https://akw.to/old/"
        },
        "akwam": {
            "label": "Akwam",
            "active": "True",
            "url": "https://akwam.cz/"
        },
        "alarab": {
            "label": "Alarab",
            "active": "False",
            "url": "https://vod2.alarab.com/"
        },
        "alarabiya": {
            "label": "Alarabiya",
            "active": "True",
            "url": "https://www.alarabiya.net/"
        },
        "alfajertv": {
            "label": "Alfajertv",
            "active": "True",
            "url": "https://show.alfajertv.com/"
        },
        "aljazeera": {
            "label": "Aljazeera",
            "active": "True",
            "url": "https://www.aljazeera.net/"
        },
        "alwanfilm": {
            "label": "Alwanfilm",
            "active": "True",
            "url": "https://alwanfilm.com/"
        },
        "animeblkom": {
            "label": "Animeblkom",
            "active": "True",
            "url": "https://animeblkom.net/"
        },
        "animeup": {
            "label": "Anime4up",
            "active": "True",
            "url": "https://w1.anime4up.tv/"
        },
        "animezid": {
            "label": "Animezid",
            "active": "True",
            "url": "https://animezid.net/"
        },
        "arabsciences": {
            "label": "Arabsciences",
            "active": "True",
            "url": "https://arabsciences.com/"
        },
        "arabseed": {
            "label": "Arabseed",
            "active": "True",
            "url": "https://k70.arabseed.ink/"
        },
        "aracinema_co": {
            "label": "Aramosalsal",
            "active": "True",
            "url": "https://aradramtv.com/"
        },
        "arbcinema": {
            "label": "Arbcinema",
            "active": "True",
            "url": "https://ok.arbcinema.com/"
        },
        "arblionz": {
            "label": "Arblionz",
            "active": "True",
            "url": "https://arlionztv.cam/"
        },
        "asiaarabs": {
            "label": "Asia4arabs",
            "active": "True",
            "url": "https://www.asia4arabs.com/"
        },
        "asiadtv": {
            "label": "AsiaDramaTV",
            "active": "True",
            "url": "https://www.asiadtv.com/"
        },
        "asia2tv": {
            "label": "Asia2TV",
            "active": "True",
            "url": "https://ww1.asia2tv.pw/"
        },
        "awaan": {
            "label": "Awaan",
            "active": "False",
            "url": "https://www.awaan.ae/"
        },
        "beinmatch": {
            "label": "Beinmatch",
            "active": "True",
            "url": "https://beinmatch.biz/"
        },
        "bazplay": {
            "label": "BazPlay",
            "active": "True",
            "url": "https://bazplay.cc/"
        },
        "beinsports_net": {
            "label": "Beinsports",
            "active": "True",
            "url": "https://www.beinsports.com/"
        },
        "bestdrama": {
            "label": "Best-Drama",
            "active": "True",
            "url": "https://best-drama.com/"
        },
        "btolat": {
            "label": "Btolat",
            "active": "True",
            "url": "https://www.btolat.com/"
        },
        "cartoonrbi": {
            "label": "CartoonArbi",
            "active": "True",
            "url": "https://www.arteenz.com/"
        },
        "cdrama": {
            "label": "Cdrama",
            "active": "True",
            "url": "https://cdrama.in/"
        },
        "cimaclub": {
            "label": "Cimaclub",
            "active": "True",
            "url": "https://cima-clb.cam/"
        },
        "cimalek": {
            "label": "Cimalek",
            "active": "True",
            "url": "https://w.cimalek.to/"
        },
        "cimalight": {
            "label": "Cimalight",
            "active": "True",
            "url": "https://cc.cimalight.vip/"
        },
        "cimacity": {
            "label": "CimaCity",
            "active": "True",
            "url": "https://ww.cima-city.site/"
        },
        "cimaking": {
            "label": "CimaKing",
            "active": "True",
            "url": "https://cimaking.com/"
        },
        "cimanow": {
            "label": "Cimanow",
            "active": "True",
            "url": "https://cimanow.cc/"
        },
        "cimau": {
            "label": "Cima4u",
            "active": "True",
            "url": "https://cima4u1.motorcycles/"
        },
        "cinemana": {
            "label": "Cinemana",
            "active": "True",
            "url": "https://cinemana.work/"
        },
        "detectiveconanar": {
            "label": "Detectiveconanar",
            "active": "True",
            "url": "https://detectiveconanar.com/"
        },
        "daktna": {
            "label": "Daktna",
            "active": "True",
            "url": "https://z.daktna.cam/"
        },
        "docarabic": {
            "label": "Docarabic",
            "active": "True",
            "url": "https://docarabic.wordpress.com/"
        },
        "dramacafe": {
            "label": "Dramacafe",
            "active": "True",
            "url": "https://wwe.dramacafe-tv.com/"
        },
        "egyclub": {
            "label": "Egyclub",
            "active": "True",
            "url": "https://www.egy-club.com/"
        },
        "egydead": {
            "label": "Egydead",
            "active": "True",
            "url": "https://w6.egydead.live/"
        },
        "aflamtop": {
            "label": "Aflamtop",
            "active": "True",
            "url": "https://aflam.top/"
        },
        "egybest": {
            "label": "EgyBest",
            "active": "True",
            "url": "https://r.egybist.site/"
        },
        "esseq": {
            "label": "Esseq",
            "active": "True",
            "url": "https://eshqy.net/"
        },
        "fansubs": {
            "label": "Fansubstv",
            "active": "False",
            "url": "https://fansubs.tv/"
        },
        "faselhd": {
            "label": "Faselhd",
            "active": "True",
            "url": "https://www.faselhd.ac/"
        },
        "filmihq": {
            "label": "FilmiHQ",
            "active": "True",
            "url": "https://filmihq.su/"
        },
        "fnteam": {
            "label": "Fnteam",
            "active": "True",
            "url": "https://www.fn-team.com/"
        },
        "fushaar": {
            "label": "Fushaar",
            "active": "True",
            "url": "https://www.fushaar.com/"
        },
        "ifushaar": {
            "label": "iFushaar",
            "active": "True",
            "url": "https://t.ifushaar.com/"
        },
        "gateanime": {
            "label": "Gateanime",
            "active": "True",
            "url": "https://c.gateanime.com/"
        },
        "geoarabic": {
            "label": "Geoarabic",
            "active": "True",
            "url": "https://www.geoarabic.com/"
        },
        "halacima": {
            "label": "Halacima",
            "active": "True",
            "url": "https://halacima.website/"
        },
        "hidaya": {
            "label": "Hidaya",
            "active": "True",
            "url": "https://hidaya.tn/"
        },
        "HikaietHob": {
            "label": "HikaietHob",
            "active": "True",
            "url": "https://7obtv.top/"
        },
        "honadrama": {
            "label": "Honadrama",
            "active": "True",
            "url": "https://tn.honadrama.us/"
        },
        "katkoute": {
            "label": "Katkoute",
            "active": "True",
            "url": "https://www.katkoute.com/"
        },
        "koralive": {
            "label": "Koralive",
            "active": "True",
            "url": "https://alkoora.360koralive.com/"
        },
        "kporama": {
            "label": "Kporama",
            "active": "True",
            "url": "https://asia.kporama.net/"
        },
        "laroza": {
            "label": "Laroza",
            "active": "True",
            "url": "https://d.laroza.one/"
        },
        "lodynet": {
            "label": "Lodynet",
            "active": "True",
            "url": "https://lodynet.link/"
        },
        "moviztime": {
            "label": "MovizTime",
            "active": "True",
            "url": "https://movtime3.store/"
        },
        "pakistani": {
            "label": "Pakistani",
            "active": "True",
            "url": "https://pakistani-live.net/"
        },
        "prstej": {
            "label": "Prstej",
            "active": "True",
            "url": "https://vip.brstej.com/"
        },
        "s3uditv": {
            "label": "S3uditv",
            "active": "True",
            "url": "https://k.s3udi.tv/"
        },
        "shahidu": {
            "label": "Shahid4u",
            "active": "True",
            "url": "https://shahhed4u.cam/"
        },
        "shoffree": {
            "label": "Shoffree",
            "active": "True",
            "url": "https://sh.shoffree.com/"
        },
        "shooflive": {
            "label": "Shooflive",
            "active": "True",
            "url": "https://r.shooflive.co/"
        },
        "shoofvod": {
            "label": "Shoofvod",
            "active": "True",
            "url": "http://shoofvod.com/"
        },
        "spacepowerfan": {
            "label": "Spacepowerfan",
            "active": "True",
            "url": "https://spacepowerfan.com/"
        },
        "stardima": {
            "label": "Stardima",
            "active": "True",
            "url": "https://www.stardima.co/watch/"
        },
        "themoviedb_org": {
            "label": "The Movie Database",
            "active": "True",
            "url": "https://www.themoviedb.org/"
        },
        "toonsland": {
            "label": "Toonsland",
            "active": "False",
            "url": "https://www.toonsland.site/"
        },
        "topimdb": {
            "label": "Top IMDB",
            "active": "True",
            "url": "https://www.imdb.com/"
        },
        "tuktukcinema": {
            "label": "Tuktukcinema",
            "active": "True",
            "url": "https://w.tuktukcinema.tv/"
        },
        "tvfun": {
            "label": "Tvfun",
            "active": "True",
            "url": "https://s.tvfun.me/"
        },
        "tvnine": {
            "label": "Tv96",
            "active": "True",
            "url": "https://www.tv96.tv/"
        },
        "watanflix": {
            "label": "Watanflix",
            "active": "True",
            "url": "https://watanflix.com/"
        },
        "witanime": {
            "label": "WitAnime",
            "active": "True",
            "url": "https://witanime.com/"
        },
        "mycima": {
            "label": "Wecima",
            "active": "True",
            "url": "https://weecima.store/"
        },
        "xsanime": {
            "label": "Xsanime",
            "active": "True",
            "url": "https://v.xsanime.com/"
        },
        "yalladrama": {
            "label": "Yalladrama",
            "active": "True",
            "url": "https://v2.yalladrama.co/"
        },
        "yallalive": {
            "label": "Yallalive",
            "active": "True",
            "url": "https://yallalive.id/"
        }
    }
}
