<?xml version="1.0" encoding="UTF-8"?>
    <addon id="repository.zombi" name="Zombi Repository" version="1.0.0" provider-name="zombi">
        <requires>
            <import addon="xbmc.addon" version="12.0.0"/>
        </requires>
        <extension point="xbmc.addon.repository" name="Zombi Repository">
            <info compressed="false">https://raw.githubusercontent.com/zombiB/zombi-addons/_repo/addons.xml</info>
            <checksum>https://raw.githubusercontent.com/zombiB/zombi-addons/_repo/addons.xml.md5</checksum>
            <datadir zip="true">https://raw.githubusercontent.com/zombiB/zombi-addons/_repo/</datadir>
            <hashes>false</hashes>
        </extension>
        <extension point="xbmc.addon.metadata">
            <summary>zombi addons</summary>
            <description>zombi addons</description>
            <platform>all</platform>
    </extension>
</addon>