﻿<?xml version="1.0" encoding="UTF-8" standalone="yes"?>
<addon id="repository.zombi"
       name="Zombi Repository"
        version="0.0.9"
        provider-name="zombi">
    <extension point="xbmc.addon.repository" name="Zombi Repository">
    <dir>
        <info compressed="false">https://raw.githubusercontent.com/zombiB/zombi-addons/master/addons.xml</info>
        <checksum>https://raw.githubusercontent.com/zombiB/zombi-addons/master/addons.xml.md5</checksum>
        <datadir zip="true">https://github.com/zombiB/zombi-addons/raw/master/repo</datadir>
    </dir>
    <dir>
         <info compressed="false">https://raw.githubusercontent.com/Gujal00/smrzips/master/addons.xml</info>
         <checksum>https://raw.githubusercontent.com/Gujal00/smrzips/master/addons.xml.md5</checksum>
         <datadir zip="true">https://raw.githubusercontent.com/Gujal00/smrzips/master/zips/</datadir>
    </dir>
   </extension>

    <extension point="xbmc.addon.metadata">
        <summary lang="fr">Matrix Repository</summary>
        <description lang="fr">arabic vod addon</description>
        <summary lang="en">Matrix Repository</summary>
        <description lang="en">arabic vod addon</description>
        <platform>all</platform>
    </extension>
</addon>