<?xml version="1.0" encoding="UTF-8" standalone="yes"?>
<addon id="plugin.video.matrix" name="matrix" version="3.8.9" provider-name="zombi">
    <requires>

        <trycatch>
            <try>
                <import addon="xbmc.python" version="3.0.0"/>
            </try>

            <catch>
                <import addon="xbmc.python" version="2.24.0"/>
            </catch>
        </trycatch>
        <import addon="script.module.simplejson" version="3.3.0"/>
        <import addon="script.module.resolveurl" version="5.0.0" optional="false"/>
        <import addon="script.module.requests" version="2.9.1"/>
	    <import addon="script.video.F4mProxy" optional="true"/>
    </requires>
    <extension point="xbmc.python.pluginsource" library="default.py">
        <provides>video</provides>
    </extension>
    <extension point="xbmc.service" library="service.py"/>
    <extension point="xbmc.addon.metadata">
        <news>plugin.video.matrix-3.8.9</news>
        <summary lang="en">https://zombib.github.io/</summary>
        <summary lang="fr">https://zombib.github.io/</summary>
        <summary lang="ar">https://zombib.github.io/</summary>
        <description lang="en">https://zombib.github.io/</description>
        <platform>all</platform>
        <license>GNU GENERAL PUBLIC LICENSE</license>
        <forum>https://github.com/zombiB/zombi-addons/issues</forum>
		<source>https://github.com/zombiB/zombi-addons/</source>
    </extension>
</addon>
