<?xml version="1.0" encoding="UTF-8" standalone="yes"?>
<addon id="repository.zombi" name="Zombi Repository" version="0.0.1" provider-name="Zombi">
    <extension point="xbmc.addon.repository" name="Zombi Addon Repository">
        <checksum>https://raw.githubusercontent.com/zombiB/zombi-addons/master/addons.xml.md5</checksum>
        <info compressed="false">https://raw.githubusercontent.com/zombiB/zombi-addons/master/addons.xml</info>
        <datadir zip="true">https://github.com/zombiB/zombi-addons/raw/master/repo</datadir>
    </extension>

    <extension point="xbmc.addon.metadata">
        <summary lang="fr">Zombi Repository</summary>
        <description lang="fr">Installer les addons de zombi</description>
        <summary lang="en">Zombi Repository</summary>
        <description lang="en">Download and install zombi addons</description>
        <platform>all</platform>
    </extension>
</addon>